{"cameraMode":{"drawMode":0,"name":"Shaded","section":"Shading Mode"},"sceneLighting":false,"audioPlay":false,"sceneViewState":{"showFog":true,"showMaterialUpdate":false,"showSkybox":false,"showFlares":true,"showImageEffects":true,"showParticleSystems":true},"in2DMode":false,"pivot":{"x":78.09387969970703,"y":0.7668429613113403,"z":70.22162628173828},"rotation":{"x":-0.09015767276287079,"y":0.7236883640289307,"z":-0.09631083905696869,"w":-0.6774152517318726},"size":1.729156255722046,"orthographic":false}