{"cameraMode":{"drawMode":0,"name":"Shaded","section":"Shading Mode"},"sceneLighting":true,"audioPlay":false,"sceneViewState":{"showFog":true,"showMaterialUpdate":false,"showSkybox":true,"showFlares":true,"showImageEffects":true,"showParticleSystems":true},"in2DMode":false,"pivot":{"x":-44.42426300048828,"y":18.82323455810547,"z":163.51870727539063},"rotation":{"x":0.4679489731788635,"y":0.3882189095020294,"z":-0.2400587648153305,"w":0.756759524345398},"size":1.7381134033203126,"orthographic":false}