{"cameraMode":{"drawMode":0,"name":"Shaded","section":"Shading Mode"},"sceneLighting":true,"audioPlay":false,"sceneViewState":{"showFog":true,"showMaterialUpdate":false,"showSkybox":false,"showFlares":true,"showImageEffects":true,"showParticleSystems":true},"in2DMode":false,"pivot":{"x":94.49805450439453,"y":9.848666191101075,"z":54.68145751953125},"rotation":{"x":0.19269198179244996,"y":0.43009454011917117,"z":-0.0945262685418129,"w":0.8769105672836304},"size":27.00271224975586,"orthographic":false}