{"cameraMode":{"drawMode":0,"name":"Shaded","section":"Shading Mode"},"sceneLighting":true,"audioPlay":false,"sceneViewState":{"showFog":true,"showMaterialUpdate":false,"showSkybox":false,"showFlares":true,"showImageEffects":true,"showParticleSystems":true},"in2DMode":false,"pivot":{"x":169.66619873046876,"y":0.7899593710899353,"z":54.230690002441409},"rotation":{"x":-0.04076352342963219,"y":-0.04135682061314583,"z":0.0016886608209460974,"w":-0.9983235597610474},"size":2.4073948860168459,"orthographic":false}