{"cameraMode":{"drawMode":0,"name":"Shaded","section":"Shading Mode"},"sceneLighting":true,"audioPlay":false,"sceneViewState":{"showFog":true,"showMaterialUpdate":false,"showSkybox":true,"showFlares":true,"showImageEffects":true,"showParticleSystems":true},"in2DMode":false,"pivot":{"x":417.6454162597656,"y":310.6255798339844,"z":0.1129150390625},"rotation":{"x":-0.002690558787435293,"y":0.004811377264559269,"z":0.000020137491446803324,"w":1.000012993812561},"size":348.22265625,"orthographic":false}