{"cameraMode":{"drawMode":0,"name":"Shaded","section":"Shading Mode"},"sceneLighting":true,"audioPlay":false,"sceneViewState":{"showFog":true,"showMaterialUpdate":false,"showSkybox":true,"showFlares":true,"showImageEffects":true,"showParticleSystems":true},"in2DMode":false,"pivot":{"x":6.9278483390808109,"y":1.6079206466674805,"z":197.343994140625},"rotation":{"x":0.08152616769075394,"y":-0.8265638947486877,"z":0.12384263426065445,"w":0.5430638790130615},"size":7.541855335235596,"orthographic":false}