{"cameraMode":{"drawMode":0,"name":"Shaded","section":"Shading Mode"},"sceneLighting":false,"audioPlay":false,"sceneViewState":{"showFog":true,"showMaterialUpdate":false,"showSkybox":false,"showFlares":true,"showImageEffects":true,"showParticleSystems":true},"in2DMode":false,"pivot":{"x":0.44747883081436159,"y":0.9319790005683899,"z":192.15696716308595},"rotation":{"x":-0.006309256423264742,"y":-0.0020844743121415378,"z":0.000018017404727288522,"w":-1.0000195503234864},"size":1.2434619665145875,"orthographic":false}