{"cameraMode":{"drawMode":0,"name":"Shaded","section":"Shading Mode"},"sceneLighting":true,"audioPlay":false,"sceneViewState":{"showFog":true,"showMaterialUpdate":false,"showSkybox":true,"showFlares":true,"showImageEffects":true,"showParticleSystems":true},"in2DMode":false,"pivot":{"x":-7.297260284423828,"y":1.0910263061523438,"z":153.1751708984375},"rotation":{"x":0.01199274230748415,"y":-0.9840684533119202,"z":0.06276450306177139,"w":0.16911646723747254},"size":25.497146606445314,"orthographic":false}