{"cameraMode":{"drawMode":0,"name":"Shaded","section":"Shading Mode"},"sceneLighting":true,"audioPlay":false,"sceneViewState":{"showFog":true,"showMaterialUpdate":false,"showSkybox":false,"showFlares":true,"showImageEffects":true,"showParticleSystems":true},"in2DMode":false,"pivot":{"x":1.149362564086914,"y":0.92919921875,"z":175.1522674560547},"rotation":{"x":0.024954892694950105,"y":-0.9746360778808594,"z":0.14163103699684144,"w":0.17160664498806},"size":12.12435531616211,"orthographic":false}