{"cameraMode":{"drawMode":0,"name":"Shaded","section":"Shading Mode"},"sceneLighting":false,"audioPlay":false,"sceneViewState":{"showFog":true,"showMaterialUpdate":false,"showSkybox":false,"showFlares":true,"showImageEffects":true,"showParticleSystems":true},"in2DMode":false,"pivot":{"x":167.1180419921875,"y":2.214087963104248,"z":85.1705551147461},"rotation":{"x":-0.14092294871807099,"y":-0.6744823455810547,"z":0.13344162702560426,"w":-0.7123740315437317},"size":4.564589977264404,"orthographic":false}