{"cameraMode":{"drawMode":0,"name":"Shaded","section":"Shading Mode"},"sceneLighting":false,"audioPlay":false,"sceneViewState":{"showFog":true,"showMaterialUpdate":false,"showSkybox":false,"showFlares":true,"showImageEffects":true,"showParticleSystems":true},"in2DMode":false,"pivot":{"x":-16.285123825073243,"y":3.375054359436035,"z":181.35971069335938},"rotation":{"x":0.03237425163388252,"y":-0.9041937589645386,"z":0.06958042085170746,"w":0.42048200964927676},"size":10.798912048339844,"orthographic":false}