{"cameraMode":{"drawMode":0,"name":"Shaded","section":"Shading Mode"},"sceneLighting":false,"audioPlay":false,"sceneViewState":{"showFog":true,"showMaterialUpdate":false,"showSkybox":false,"showFlares":true,"showImageEffects":true,"showParticleSystems":true},"in2DMode":false,"pivot":{"x":-0.25,"y":1.476874828338623,"z":0.15000009536743165},"rotation":{"x":-0.14092294871807099,"y":-0.6744823455810547,"z":0.13344162702560426,"w":-0.7123740315437317},"size":10.45727252960205,"orthographic":false}