{"cameraMode":{"drawMode":0,"name":"Shaded","section":"Shading Mode"},"sceneLighting":true,"audioPlay":false,"sceneViewState":{"showFog":true,"showMaterialUpdate":false,"showSkybox":false,"showFlares":true,"showImageEffects":true,"showParticleSystems":true},"in2DMode":false,"pivot":{"x":-11.062000274658204,"y":2.1499998569488527,"z":92.53899383544922},"rotation":{"x":-0.09224296361207962,"y":-0.9002861976623535,"z":0.23354226350784303,"w":-0.35563984513282778},"size":94.31319427490235,"orthographic":false}