{"cameraMode":{"drawMode":0,"name":"Shaded","section":"Shading Mode"},"sceneLighting":true,"audioPlay":false,"sceneViewState":{"showFog":true,"showMaterialUpdate":false,"showSkybox":true,"showFlares":true,"showImageEffects":true,"showParticleSystems":true},"in2DMode":false,"pivot":{"x":16.981216430664064,"y":2.552395820617676,"z":194.27127075195313},"rotation":{"x":-0.2446713149547577,"y":-0.7435286045074463,"z":0.35669538378715517,"w":-0.5099905729293823},"size":45.73512649536133,"orthographic":false}